<?xml version="1.0" encoding="UTF-8"?>
<project-private xmlns="http://www.netbeans.org/ns/project-private/1">
    <editor-bookmarks xmlns="http://www.netbeans.org/ns/editor-bookmarks/2" lastBookmarkId="0"/>
    <open-files xmlns="http://www.netbeans.org/ns/projectui-open-files/2">
        <group>
            <file>file:/C:/Users/ercv1/OneDrive/TEC/2%20Semestre/Programacion%20orientada%20a%20objetos/Proyeto/SpaceInvaders/src/spaceinvaders/Tablero.java</file>
            <file>file:/C:/Users/ercv1/OneDrive/TEC/2%20Semestre/Programacion%20orientada%20a%20objetos/Proyeto/SpaceInvaders/src/spaceinvaders/SpaceInvaders.java</file>
            <file>file:/C:/Users/ercv1/OneDrive/TEC/2%20Semestre/Programacion%20orientada%20a%20objetos/Proyeto/SpaceInvaders/src/spaceinvaders/Compartido.java</file>
            <file>file:/C:/Users/ercv1/OneDrive/TEC/2%20Semestre/Programacion%20orientada%20a%20objetos/Proyeto/SpaceInvaders/src/spaceinvaders/Alien.java</file>
        </group>
    </open-files>
</project-private>
